INSERT INTO saints (_id, icon, gender, category) VALUES (27, "lucia", 1, "ordinary");
INSERT INTO saints (_id, icon, gender, category) VALUES (28, "jerome", 0, "ordinary");
INSERT INTO saints (_id, icon, gender, category) VALUES (29, "apollonia", 1, "ordinary");
INSERT INTO saints (_id, icon, gender, category) VALUES (30, "catherine", 1, "ordinary");
INSERT INTO saints (_id, icon, gender, category) VALUES (31, "teresa", 1, "ordinary");
INSERT INTO saints (_id, icon, gender, category) VALUES (32, "catherine_of_siena", 1, "ordinary");
INSERT INTO saints (_id, icon, gender, category) VALUES (33, "nicholas", 0, "ordinary");
INSERT INTO saints_default (translation_id, name, description, attributes, wikiLink) VALUES (27, "Saint Lucia", "Life of Lucia follows the motifs of other legends of the virgin martyrs: Lucy committed her life to Christ, took vow of virginity and was accused as a Christian by a disappointed suitor. Her mother, not Christian at first, arranged a marriage for Lucia to a Pagan man, who ultimately denounces her to the Roman governor. Her mother, however, converts to Christianity after a trip with Lucia to the tomb of Saint Agatha. Agatha appears to Lucia, and the illness of her mother is miraculously cured. The Golden Legend also mentions that Lucia, after being stabbed in the neck, continues to prophesy the fall of emperor, governor and co-regent. Since the root of her name is similar to lux, the Latin word for light, Lucia is traditionally identified as a bearer of light in the darkness of winter.
Her eyes were either removed by the guards before the execution or by herself to avoid marrying a Pagan man. According to the latter legend, she gifted the eyes to him. The eyes were miraculously restored before Lucia''s body was prepared for burial. Palm represents martyrdom and victory over evil. Candle, lamp and similar attributes refer to St. Lucia carrying supplies for persecuted Christians in catacombs in Syracuse. In Scandinavia St. Lucia is allegorically symbolized as a lady in white dress with red sash (symbolizing blood) and a crown of candles (because here hands were full with supplies). Remaining symbols point to failed attempts by Roman guards to take Lucia away to the brothel by hitching her to a team of oxen, and to set Lucia on fire, before Lucia is killed by the sword.", "dagger, carrying eyes (often on a plate), flames, torch, candle or lamp, a palm, cord. Often hitched to oxen or before the judge.", "https://en.wikipedia.org/wiki/Saint_Lucy");
INSERT INTO saints_default (translation_id, name, description, attributes, wikiLink) VALUES (28, "Saint Jerome", "The second most voluminous writer after Augustine of Hippo in ancient Latin Christianity, Jerome is recognized as the patron saint of translators, librarians and encyclopedists. His most famous work is the the Vulgate, often consired to be the first translation of the Old Testament into Latin directly from the Hebrew Tanakh without the use of Septuagint, the ""Greek Old Testament"". As a protégé of Damascus I, Jerome was commissioned to revise the Old Latin texts of the four gospels, the task that he largely completed by the time of Damascus'' death. But following the death of the pope, Jerome was forced out of Rome and settled in Bethlehem, where he completed the translation of all books in the Hebrew Bible from the original Hebrew.
As one of the four eminent Latin doctors of the Church from early Middle Ages (the ""Fathers of the Church""), he is often portrayed anachronistically in the garb of a cardinal, although cardinals did not yet exist and the term was first used to refer to deacons of the regions of Rome only in the 6th century. Model of a church in his hands also serves the purpose of showing Jerome as a doctor of the Church. A lion points to a legend that Jerome had tamed a lion in the wilderness by healing its paw. The story likely stems from confusion between Jerome and Saint Gerasimus or simply from the tale of Androcles. Jerome spent many years in Syrian desert of Chalcis, which is why artists often depict him in ""wilderness"", but in Western European art it often takes form of a forest. Jerome is often depicted with symbols of the vanitas motif, the meaninglessness of earthly life, such as hourglasses, skulls, inscriptions ""Cogita Mori"" etc. Owl is used as a symbol of scholarship.", "Bible, skull, lion, model of a church, owl, writing materials, trumpet (of final judgement), red hat (galero) or garb of a cardinal. Often shown as an aged monk in desert, or translating the Bible.", "https://en.wikipedia.org/wiki/Jerome");
INSERT INTO saints_default (translation_id, name, description, attributes, wikiLink) VALUES (29, "Saint Apollonia", "Apollonia was an esteemed Alexandrian deaconess at the time of her death, but there is little more than the story of her death in the Golden Legend. Despite this, she is usually portrayed as a young woman. Soon after her death, with institutionalization of Christianity in 5th and 6th century, the role of women as deacons became much more restricted and their leadership role within the churh declined.
The symbols refer to Apollonia''s martyrdom. Apollonia died with a group of early martyrs during a local uprising of the Alexandrian mob against the Christians. Her teeth were either broken by repeated blows or pulled and then crushed. According to the Golden Legend, when the mob threatened to burn her alive if she refused to repeat some blasphemous words, she, after requesting a little freedom, sprang into the fire and burned to death.", "tooth, pincers, palm.", "https://en.wikipedia.org/wiki/Saint_Apollonia");
INSERT INTO saints_default (translation_id, name, description, attributes, wikiLink) VALUES (30, "Saint Catherine of Alexandria", "A noble and, possibly, a princess according to Christian tradition, the daughter of Constus, the governor of Egyptian Alexandria. Catherine was also a noted scholar, took Christianity at 14, and was martyred at 18. There is a legend that tells of her disputing 50 best pagan philosophers over the cruelty of emperor Maxentius, winning the debate and converting several adversaries to Christianity (who were immediately put to death). She was then imprisoned, refusing food, and whipped. Her visitors during this time also converted to Christianity. Legend tells of her surviving the torture with help of Christ who appeared in her visions, angels and a dove who fed her. When torture failed, Maxentius attempted to marry Catherine, but she refused as a consecrated virgin. She was then condemned to spiked breaking wheel, but it shattered at her touch. The torture device itself, the firework, a type of circular spiked ""rose"" window, a gymnastics cartwheel, and other objects with circular pattern got their name from story of Catherine''s martyrdom. Ultimately, Catherine was beheaded. The legend of Catherine is likely not referring to a real historical figure and is based on the story of life and death of Hellenistic philosopher Hypatia, but with roles of Christians and Pagans reversed. Hypatia also lived in Alexandria in Egypt, but a century later. During the middle ages, popularity of Catherine created a cult, owing partly to supposed rediscovery of her relics (the legend has her body transported by angels to the highest mountain in Egypt, now known as Mount Catherine), and partly to people considering her a powerful intercessor - that she can be asked to intercede for others. This is because her hagiography specifically mentions her asking Christ to ""exalt"" whoever remembers her martyrdom before she died.
In paintings of Saint Catherine''s Mystical Marriage, Infant Christ is often placing a ring on her finger. In paintings of her burial she is carried by angels.", "(spiked) wheel, palm, sword, book, usually richly dressed and crowned with long unbound blonde or reddish hair.", "https://en.wikipedia.org/wiki/Catherine_of_Alexandria");
INSERT INTO saints_default (translation_id, name, description, attributes, wikiLink) VALUES (31, "Saint Teresa of Ávila", "Fascinated with stories of lives of saints, Teresa ran away from home at age 7 with her brother to find martyrdom among the Moors, but they were stopped by her uncle. In her autobiography she describes a vision of a cherub driving a fiery point of a golden lance repeatedly through her heart (Domingo Báñez, director and confessor of St. Teresa, wrote in the margin that it seemed more like a seraph). This is the inspiration behind Bernini''s Ecstasy of Saint Teresa. The order that she started as a reformer eventually became the Discalced (""barefoot"") Carmelites. According to tradition, Teresa had also designed and sewn the first habits of the order, which were similar to habits of Carmelite Friars, but made of more coarse fabric to symbolize evangelical poverty.
According to 18th century legend, Teresa carried a statue of Jesus with her, which is sometimes claimed to have been the Infant Jesus of Prague or Child of Prague, a 16th century wooden statue of child Jesus.", "Habit of the Discalced Carmelites, book and quill, spear-pierced heart", "https://en.wikipedia.org/wiki/Teresa_of_%C3%81vila");
INSERT INTO saints_default (translation_id, name, description, attributes, wikiLink) VALUES (32, "Catherine of Siena", "First woman declared Doctor of the Church, patron of Europe, USA and Italy, Catherine was entrusted with many missions by the pope, including negotiation of peace between Rome and Florence.  Catherine became a tertiary, which allowed her to continue living in family home, even though up to that point members of the Third Order of Saint Dominic had been only widows. Catherine practiced extreme fasting, often only relying on the Eucharist, to the point that it seemd unhealthy to the clergy. She died in Rome at the age of thirty-three following inability to eat and a stroke that paralized her legs. Her body remains in Rome, but her head is kept in her hometown Siena (with a few more lesser relics in other places in Italy). There is a legend that describes smuggling the head from Rome in a bag. When the guards supposedly stoppped the smugglers, the bag miraculously was seen containing rose petals instead of the head, hence the flower attributes of the saint. There was supposedly a study of the head in 1947 confirming that features of the skull appear to indicate a woman, and that no vertebrae are attached to the back of the skull, giving some credibility to the legend, however it is currently difficult to find confirmation.
Catherine describes in her letters the ""Mystical Marriage"" with Jesus, a popular subject in Christian art with either Catherine of Siena or Catherine of Alexandria, and with other saints throughout history. In her vision, Jesus has put a ring on her finger made of baby Jesus'' holy foreskin (Holy Prepuce). The heart appears prominently in her writings, Catherine refers to the ""heart"" 620 times in 383 letters (Webb, 2005), counting only direct uses of the word.", "black-and-white habit of Sisters of Penance of St. Dominic, stigmata, lily, book, crown of thorns, cross, ring, heart, miniature church, miniature ship bearing Papal coat of arms, dove, rose", "https://en.wikipedia.org/wiki/Catherine_of_Siena");
INSERT INTO saints_default (translation_id, name, description, attributes, wikiLink) VALUES (33, "Saint Nicholas of Myra", "An early Christian bishop of the ancient Greek city of Myra. In addition to three common legends behind his title of Wonderworker, there are several disputed ones, including temporarily defrocking and imprisonement during the Council of Nicaea for slapping the heretic Arius. However, even the presence of Saint Nicholas at the council is only mentioned in an early list and never mentioned by any writings of the attendees. In an incident documented by multiple chroniclers, in 1071  the main bones of Saint Nicholas remains were removed from his tomb and moved to Bari over the objections of the Greek Orthodox monks, possibly to save the remains from invading Turks. The remaining fragments were obtained by Venice, and later examinations verified that the bones in Venice and in Bari are compatible and may belong to the same person.
Three stories are usually depicted in art. The most common story from the Golden Legend describes the saint helping a devout man who lost his money due to ""plotting and envy of Satan"" and could not afford dowry for his three daughters. Nicholas secretly threw a bag of gold throw a window opening for each of the three nights. This story eventually gave rise to traditional model of Santa Claus. The second story, also from Golden Legend, describes Nicholas reviving three innocent soldiers unjustly condemnded to death by the bribed governor Eustathius. Due to ambiguity in the word carnificina (execution-place or butcher shop) the story has many versions, with a butcher or an inn-keeper taking the place of the governor, young nobles or students taking place of the soldiers. In case of a butcher, the innocents were chopped and put in a pickling barrel, but St. Nicholas put pieces back together and revived them with a Sign of the Cross. This popular story is depicted in many mediums from tapestries to glass windows. Finally in a third story Nicholas saves the ship from a tempest. In some versions, he himself is a passenger for a trip to Holy Land, and in some the latter two stories blend into one. In Eastern Christianity, Nicholas is often shown wearing omophorion and holding Gospel with Theotokos and Jesus Christ at each shoulder.", "Bishop vestments, mitre or bareheaded, three gold balls", "https://en.wikipedia.org/wiki/Saint_Nicholas");
INSERT INTO saints_ru (translation_id, name, description, attributes, wikiLink) VALUES (27, "Святая Лучия", "Жизнеописание Лучии следует тем же мотивам, что и легенды других дев-мучениц: Лучия посвятила жизнь Христу и приняла обет безбрачия, что привело к обвинениям в христианстве со стороны отвергнутого римлянина. Ее мать, не будучи христианкой попыталась выдать Лучию замуж. Но после чудесного исцеления на могиле святой Агаты (где Агата явилась перед Лучией), мать Лучии приняла христианство и согласилась с обетом. После этого отвергнутый римлянин обвинил Лучию в христианстве перед судьей Сиракуз. В золотой легенде также содержится история, в которой раненая мечом в шею Лучия продолжает предвещать падение судьи, императора и его соправителя. Также поскольку корень в имени Лучии напоминает латинское слово lux  (свет), традиция называет Лучию приносящей свет в зимней тьме.
Либо ее глаза были вырваны римлянми, либо она вырвала их сама чтобы избежать брака с язычником. Согласно этой легенде она преподнесла их ему в подарок с просьбой оставить ее в покое. Глаза были чудесно восстановлены перед погребением. Пальмовая ветвь симолизирует мученичество и победу над злом. Свеча, лампа и похожие атрибуты указывают на историю о Лучии приносящей запасы преследуемым христианам в катакомбах Сиракуз. В Скандинавии аллегорическая Святая Лучия - девушка в белом платье с красным поясом (символизируещим кровь) и короной из свечей (поскольку ее руки заняты запасами для христиан). Остальные символы указывают на неуспешные попытки римских солдат увезти Лучию в бордель, привязав ее к волам, и неудавшейся попытке сжечь ее на костре. Лучия приняла мученическую смерть от меча.", "кинжал, глаза (часто на блюде), пламя, факел, свеча или лампа, пальмовая ветвь. Молодая девушка, часто привязанная к запряженной быками повозке или перед судьей.", "https://ru.wikipedia.org/wiki/%D0%9B%D1%83%D1%86%D0%B8%D1%8F_%D0%A1%D0%B8%D1%80%D0%B0%D0%BA%D1%83%D0%B7%D1%81%D0%BA%D0%B0%D1%8F");
INSERT INTO saints_ru (translation_id, name, description, attributes, wikiLink) VALUES (28, "Иероним Стридонский", "Второй по объему работ писатель древней Латинской Церкви после Аврелия Августина, Иероним считается покровителем переводчиков, библиотекарей и энциклопедистов. Его самый известный труд - Вульгата, часто называемая первым переводом Ветхого Завета на латынь напрямую с иврита на основе Танаха без использования Септуагинты, собрания переводов Ветхого Завета на древнегреческий. Как протеже Дамасия I, Иерониму было поручено пересмотреть переводы четырех евангелий на латынь. Иероним закончил эту работу к году смерти Дамасия. Однако вскоре после смерти епископа, Иеронима заставили покинуть Рим, и он поселился в Вифлееме, где он закончил перевод всех книг Танаха напрямую с иврита.
Как одного из четырех Учителей Церкви из раннего средневековья (""Отцов Церкви"") его часто изображают с долей анахронизма в кардинальском одеянии, несмотря на то что кардиналы еще не существовали. Термин ""кардинал"" впервые используется в только в шестом веке в отношении диаконов Рима. Модель церкви в руках служит той же цели показать Иеронима как Учителя Церкви. Лев относится к истории о приручении Иеронимом льва в пустыне - Иероним вытащил занозу из его лапы. Эта история, скорее всего, родилась из-за смешения Иеронима со святым Герасимом или просто из истории об Андрокле. Иероним провел много лет в Сирийской пустыне рядом с Халкидой, из-за чего его часто изображают ""в глуши"", однако на западноевропейских картинах, ""глушь"" принимает форму леса. Иероним часто показан с символами ""vanitas"", быстротечности и тщетности жизни, такими как песочные часы, череп, надписи ""Cogita Mori"" и т.д. Сова используется как символ мудрости и учености.", "Библия, череп, лев, модель церкви, сова, предметы для письма, труба (Апокалипсиса), красная шапка (галеро) или одеяние кардинала. Часто показан стареющим монахом в пустыни, или переводящим Библию.", "https://ru.wikipedia.org/wiki/%D0%98%D0%B5%D1%80%D0%BE%D0%BD%D0%B8%D0%BC_%D0%A1%D1%82%D1%80%D0%B8%D0%B4%D0%BE%D0%BD%D1%81%D0%BA%D0%B8%D0%B9");
INSERT INTO saints_ru (translation_id, name, description, attributes, wikiLink) VALUES (29, "Аполлония Александрийская", "Согласно легенде Аполлония была почитаемой диакониссой к моменту своей смери, однако легенды почти ничего не говорят о ней кроме описания ее смерти. На картинах она, несмотря на это, обычно изображается молодой девушкой. Вскоре после ее смерти, с институционализацией христианства в пятом-шестом веках, функции женщин-диаконесс в церкви были существенно ограничены и их роль в церковных делах быстро пошла на спад.
Символы указывают на мученическую смерть Аполлонии в числе нескольких ранних мучеников во время местного восстания против христиан в Александрии. Ее зубы были либо выбиты, либо вырваны и раздавлены. Согласно Золотой Легенде, толпа, угрожая сжечь Аполлонию, попыталась заставить ее произнести нечто богохульное, но Аполлония прыгнула в огонь.", "зуб, зубные щипцы, пальмовая ветвь.", "https://ru.wikipedia.org/wiki/%D0%90%D0%BF%D0%BE%D0%BB%D0%BB%D0%BE%D0%BD%D0%B8%D1%8F_%D0%90%D0%BB%D0%B5%D0%BA%D1%81%D0%B0%D0%BD%D0%B4%D1%80%D0%B8%D0%B9%D1%81%D0%BA%D0%B0%D1%8F");
INSERT INTO saints_ru (translation_id, name, description, attributes, wikiLink) VALUES (30, "Екатерина Александрийская", "Благородного происхождения, принцесса согласно христианской традиции, дочь Конста, правителя Александрии в Египте. Катерина была также признанным ученым, приняла Христианство в 14 и погибла в 18. Существует легенда о том, что она вступила в диспут с 50 лучшими языческими философами о жестокости императора Максенция и, победив, обратила часть оппонентов в христиан (которых незамедлительно казнили). В результате она была высечена воловьими жилами и заключена в темницу, где она отказывалась от еды. Посещающие ее люди также обратились в христианство. Легенда говорит, что она пережила пытки с помощью являвшегося ей Христа, ангелов и кормившего ее голубя. После неуспешных пыток, Максенций попытался сделать ее своей женой, но принявшая безбрачие Екатерина отказалась. Тогда она была приговорена к колесу, но оно раскололось от ее прикосновения. Само колесо для пыток, фейерверк, определенный тип круглого окна (оконная роза), колесо в гимнастике и другие объекты, напоминающие колесо иногда носят имя Катерины в английском языке в связи с историей мученичества Катерины. В конечном итоге, Катерину казнили отрубив ей голову. Легенда о Катерине, скорее всего, не относится к реальному историческому персонажу, но базируется на истории жизни и смерти греческого философа Гипатии, но с обратными ролями христиан и язычников. Гипатия тоже жила в Александрии в Египте, однако веком позже. В Средние века популярность Катерины переросла почти в культ, частично из-за историй о найденных останках (по легенде ее тело унесли ангелы на самую высокую гору в Египте, теперь называемую Джебель Катрин), и частично из-за того что она считалась важным святым для интерцессий - молитвам другим святым через нее. Это следует из ее агиографии - перед смертью она напрямую попросила Христа помогать людям помнящих о ее мученичестве.
На картинах изображающих ""Мистическое обручение святой Екатерины"", младенец Иисус часто надевает кольцо на ее палец. На картинах ее погребения тело несут ангелы.", "колесо (с шипами), пальмовая ветвь, меч, книга, обычно в богатых одеждах и в короне с длинными распущенными светлыми или рыжими волосами.", "https://ru.wikipedia.org/wiki/%D0%95%D0%BA%D0%B0%D1%82%D0%B5%D1%80%D0%B8%D0%BD%D0%B0_%D0%90%D0%BB%D0%B5%D0%BA%D1%81%D0%B0%D0%BD%D0%B4%D1%80%D0%B8%D0%B9%D1%81%D0%BA%D0%B0%D1%8F");
INSERT INTO saints_ru (translation_id, name, description, attributes, wikiLink) VALUES (31, "Тереза Авильская", "Впечатленная историями жизни святых, Тереза убежала из дома в семь лет со своим братом в поисках мученичества среди Мавров, но была остановлена своим дядей. В своей автобиографии она описывает видение херувима несколько раз пронзающего огненным концом золотого копья ее сердце (Доминго Баньес, учитель и исповедник Св. Терезы, написал на полях, что описание скорее указывает на серафима). Этот эпизод вдохновил Бернини создать Экстаз Святой Терезы. Основанный ею орден, начатый как часть ее реформ, в конце концов стал орденом босоногих кармелитов. Согласно  традиции, Тереза также сама разработала и сшила рясы ордена, которые напоминают рясы братьев кармелитов, но сделаны из более грубой ткани как симов евангельской бедности.
Согласно легенде 18 века, Тереза носила с собой статуэтку Иисуса. Эту статуэтку иногда связывают с Пражским Езулатко, деревянной статуэткой младенца Иисуса 16 века.", "Ряса босоногих кармелитов, книга и перо, пронзенное копьем сердце", "https://ru.wikipedia.org/wiki/%D0%A2%D0%B5%D1%80%D0%B5%D0%B7%D0%B0_%D0%90%D0%B2%D0%B8%D0%BB%D1%8C%D1%81%D0%BA%D0%B0%D1%8F");
INSERT INTO saints_ru (translation_id, name, description, attributes, wikiLink) VALUES (32, "Екатерина Сиенская", "Первая из четырех женщин Учителей Церкви, покровитель Европы, США и Италии, Евкатерине были поручены папой множество миссий, включая переговоры о мире между Римом и Флоренцией. Екатерина была терциаркой, что позволяло ей оставаться в семейном доме, несмотря на то что до нее членами Третьего Ордена Святого Доминика были только вдовы. Екатерина практиковала крайне суровый пост, часто питаясь только во время Евхаристии, чем беспокоила сестер и священников. В 33 года она умерла в Риме после неспособности есть и приступа, параллизовавшего ее ноги. Ее тело остается в Риме, но ее голова хранится в ее родной Сиене (и несколько реликвий в других городах Италии). Существует легенда говорящая что при попытке тайно вернуть ее голову в Сиену из Рима в мешке, стража остановила сиенцев, но открыв мешок увидела лишь лепестки роз. После возвращения в Сиену, в мешке вновь оказалась голова святой. Предположительно в 1947 году останки были исследованы, и структура черепа действительно указывает на женщину, а отсутствие позвонков дает косвенное подтверждение легенде о краже останков. В настоящее время найти источник представляется трудным.
В своих письман, Екатерина описывает ""мистическое обручение"" с Иисусом, популярный сюжет христианского искусства с Екатериной Сиенской, Екатериной Александрийской и другими святыми. В ее видении Иисус надел ей на палец кольцо из крайней плоти (священного препуция). Сердце постоянно фигурирует в письмах Екатерины. Слово ""сердце"" встречается 620 раз в 383 письмах (Webb, 2005).", "Черно-белая ряса терциариев доминиканского ордена ""кающихся сестёр"", стигматы, лилия, книга, терновый венец, крест, кольцо, сердце, макет церкви, макет корабля с папским гербом, голубь, роза", "https://ru.wikipedia.org/wiki/%D0%95%D0%BA%D0%B0%D1%82%D0%B5%D1%80%D0%B8%D0%BD%D0%B0_%D0%A1%D0%B8%D0%B5%D0%BD%D1%81%D0%BA%D0%B0%D1%8F");
INSERT INTO saints_ru (translation_id, name, description, attributes, wikiLink) VALUES (33, "Николай Чудотворец", "Христианский епископ 3-4 веков из греческого города Миры. В дполнение к трем основным легендам, есть несколько поздних, менее признанных, включая временное лишение сана из-за пощечины Арию на Никейском соборе. Тем не менее, даже присутствие Николая на соборе сомнительно и упоминается лишь в раннем списке присутствовавших. Никто из участников собора не упоминает Николая в своих текстах. Многие источники подтвержают перенесение основных мощей из  из Мир Ликийских в Бари в 1087 году. нксмотря на сопротивление греческих монахов. Возможно это было сделано для спасения мощей от вторжения турок. Остальные фрагменты были отправлены в Венецию. Исследования подтвержают совместимость костей в Венеции и Бари, указывая что они могли принадлежать одному человеку.
Чаще всего изображаются три истории. Самая распространенная история из Золотой Легенды описывает как святой помог отцу трех дочерей, который потерял свое состояние и не мог собрать приданое. Николай втайне вбрасывал мешок золота через окно каждую из трех ночей. Эта история сделала святого прообразом Санта-Клауса. Вторая история, тоже из Золотой Легенды, описывает как Николай оживил трех невинных солдат осужденных подкупленным правителем Евстафием. Из-за двусмысленности слова carnificina, которое могло означать и место казни и лавку мясника, история имеет множество версий. В некоторых мясник или содержатель постоялого двора зменяет правителя, а молодые студенты заменяют солдат. В этой версии невинные порублены на куски и уложены в бочку, но Николай все равно оживляет невинных крестным знамением, сложив куски вместе. Эта популярная история встречается в разных формах - от гобеленов до витражей. Наконец, в третьей истории Николай спасает корабль от бури. В некоторых вариантах, он сам пассажир путешествующий в Святую Землю, а в некоторых эта история сливается с предыдущей. На иконах Николай часто изображен в омофоре и с Евангелием, с Богородицей и Иисусом по сторонам возле плечей.", "Одеяние епископа, с митрой или без, три золотых шара", "https://ru.wikipedia.org/wiki/%D0%9D%D0%B8%D0%BA%D0%BE%D0%BB%D0%B0%D0%B9_%D0%A7%D1%83%D0%B4%D0%BE%D1%82%D0%B2%D0%BE%D1%80%D0%B5%D1%86");
INSERT INTO paintings (_id, saintId, fileName, name, correctCount, wikiLink) VALUES (188, 25, "caspar_19", "Saint Columba Altarpiece Triptych by Rogier van der Weyden (1455)", 0, "https://en.wikipedia.org/wiki/Saint_Columba_Altarpiece");
INSERT INTO paintings (_id, saintId, fileName, name, correctCount, wikiLink) VALUES (189, 24, "melchior_19", "Saint Columba Altarpiece Triptych by Rogier van der Weyden (1455)", 0, "https://en.wikipedia.org/wiki/Saint_Columba_Altarpiece");
INSERT INTO paintings (_id, saintId, fileName, name, correctCount, wikiLink) VALUES (190, 26, "balthazar_19", "Saint Columba Altarpiece Triptych by Rogier van der Weyden (1455)", 0, "https://en.wikipedia.org/wiki/Saint_Columba_Altarpiece");
INSERT INTO paintings (_id, saintId, fileName, name, correctCount, wikiLink) VALUES (191, 27, "lucia_1", "Saint Lucy by Cosimo Rosselli (1470)", 0, "");
INSERT INTO paintings (_id, saintId, fileName, name, correctCount, wikiLink) VALUES (192, 27, "lucia_2", "Saint Lucy by Francesco del Cossa (1470-1477)", 0, "");
INSERT INTO paintings (_id, saintId, fileName, name, correctCount, wikiLink) VALUES (193, 27, "lucia_3", "Saint Lucy by Domenico di Pace Beccafumi (1521)", 0, "");
INSERT INTO paintings (_id, saintId, fileName, name, correctCount, wikiLink) VALUES (194, 27, "lucia_4", "Santa Lucia by Jacopo Palma il Giovane (1620)", 0, "");
INSERT INTO paintings (_id, saintId, fileName, name, correctCount, wikiLink) VALUES (195, 27, "lucia_5", "Saint Lucy by Artemisia Gentileschi (1642-1644)", 0, "");
INSERT INTO paintings (_id, saintId, fileName, name, correctCount, wikiLink) VALUES (196, 28, "jerome_1", "Saint Jerome Writing by Caravaggio (1605-1606). Jerome is likely depicted translating the Vulgate, a late-4th-century Latin translation of the Bible that was the official Latin Bible of the Catholic Church in the 16th century. A revised Vulgate is still used in liturgy by the Latin Church.", 0, "https://en.wikipedia.org/wiki/Saint_Jerome_Writing");
INSERT INTO paintings (_id, saintId, fileName, name, correctCount, wikiLink) VALUES (197, 28, "jerome_2", "Saint Jerome in His Study by Pieter Coecke van Aelst, the elder and his workshop (1530)", 0, "");
INSERT INTO paintings (_id, saintId, fileName, name, correctCount, wikiLink) VALUES (198, 28, "jerome_3", "St Jerome in his study by Antonello da Messina (1475)", 0, "https://en.wikipedia.org/wiki/St._Jerome_in_His_Study_(Antonello_da_Messina)");
INSERT INTO paintings (_id, saintId, fileName, name, correctCount, wikiLink) VALUES (199, 28, "jerome_4", "St Jerome in his study by Domenico Ghirlandaio (1480)", 0, "https://en.wikipedia.org/wiki/Saint_Jerome_in_His_Study_(Ghirlandaio)");
INSERT INTO paintings (_id, saintId, fileName, name, correctCount, wikiLink) VALUES (200, 28, "jerome_5", "Saint Jerome in the Wilderness by Pinturicchio (1475-1480)", 0, "https://en.wikipedia.org/wiki/Saint_Jerome_in_the_Desert_(Pinturicchio)");
INSERT INTO paintings (_id, saintId, fileName, name, correctCount, wikiLink) VALUES (201, 28, "jerome_6", "St. Jerome Reading in the Desert by Giovanni Bellini (1505)", 0, "https://en.wikipedia.org/wiki/St._Jerome_in_the_Desert_(Bellini,_Washington)");
INSERT INTO paintings (_id, saintId, fileName, name, correctCount, wikiLink) VALUES (202, 28, "jerome_7", "St. Jerome Reading in the Desert by Giovanni Bellini (1480)", 0, "https://en.wikipedia.org/wiki/St._Jerome_in_the_Desert_(Bellini,_Florence)");
INSERT INTO paintings (_id, saintId, fileName, name, correctCount, wikiLink) VALUES (203, 28, "jerome_8", "St. Jerome Writing by Caravaggio (1607)", 0, "https://en.wikipedia.org/wiki/Saint_Jerome_Writing_(Caravaggio,_Valletta)");
INSERT INTO paintings (_id, saintId, fileName, name, correctCount, wikiLink) VALUES (204, 28, "jerome_9", "St. Jerome by unknown Southern Netherlandish artist (1520)", 0, "");
INSERT INTO paintings (_id, saintId, fileName, name, correctCount, wikiLink) VALUES (205, 28, "jerome_10", "Saint Jerome penitent by Matthias Stom (1615-1649)", 0, "");
INSERT INTO paintings (_id, saintId, fileName, name, correctCount, wikiLink) VALUES (206, 28, "jerome_11", "Jerome in the desert, tormented by his memories of the dancing girls by Francisco de Zurbarán (1639)", 0, "");
INSERT INTO paintings (_id, saintId, fileName, name, correctCount, wikiLink) VALUES (207, 29, "apollonia_1", "Apollonia in the Hours of Catherine of Cleves (1440). A book of hours is the most common type of surviving medieval illuminated manuscripts, a collection of texts, a breviary with weekly cycles of psalms and prayers, often for women. These regular prayers divide the day into ""canonical hours"".", 0, "https://en.wikipedia.org/wiki/Hours_of_Catherine_of_Cleves");
INSERT INTO paintings (_id, saintId, fileName, name, correctCount, wikiLink) VALUES (208, 29, "apollonia_2", "Martyrdom of St. Apollonia by Jean Fouquet (1445) from Hours of Etienne Chevalier", 0, "");
INSERT INTO paintings (_id, saintId, fileName, name, correctCount, wikiLink) VALUES (209, 29, "apollonia_3", "Saint Apollonia by Artemisia Gentileschi (1642-1644)", 0, "https://en.wikipedia.org/wiki/Saint_Apollonia_(Artemisia_Gentileschi)");
INSERT INTO paintings (_id, saintId, fileName, name, correctCount, wikiLink) VALUES (210, 29, "apollonia_4", "St. Apollonia by Carlo Dolci (late 1660s)", 0, "");
INSERT INTO paintings (_id, saintId, fileName, name, correctCount, wikiLink) VALUES (211, 30, "catherine_1", "Saint Catherine by Bernardino Luini (1500-1532)", 0, "");
INSERT INTO paintings (_id, saintId, fileName, name, correctCount, wikiLink) VALUES (212, 30, "catherine_2", "Saint Catherine of Alexandria by Artemisia Gentileschi (1640s)", 0, "");
INSERT INTO paintings (_id, saintId, fileName, name, correctCount, wikiLink) VALUES (213, 30, "catherine_3", "Saint Catherine by Carlo Crivelli (1470)", 0, "");
INSERT INTO paintings (_id, saintId, fileName, name, correctCount, wikiLink) VALUES (214, 30, "catherine_4", "Saint Catherine of Alexandria by Caravaggio (1595-1596)", 0, "https://en.wikipedia.org/wiki/Saint_Catherine_(Caravaggio)");
INSERT INTO paintings (_id, saintId, fileName, name, correctCount, wikiLink) VALUES (215, 30, "catherine_5", "Saint Catherine of Alexandria by Raphael (1507)", 0, "https://en.wikipedia.org/wiki/Saint_Catherine_of_Alexandria_(Raphael)");
INSERT INTO paintings (_id, saintId, fileName, name, correctCount, wikiLink) VALUES (216, 30, "catherine_6", "Saint Catherine of Alexandria by El Greco (1610-1614)", 0, "");
INSERT INTO paintings (_id, saintId, fileName, name, correctCount, wikiLink) VALUES (217, 30, "catherine_7", "Burial of St. Catherine by Francisco de Zurbaran (17th cent.)", 0, "");
INSERT INTO paintings (_id, saintId, fileName, name, correctCount, wikiLink) VALUES (218, 31, "teresa_1", "St. Teresa by Fr. Juan de la Miseria (1576). Likely the most true to life portrait, which was made when Teresa was 61. The ribbon reads ""I shall forever sing of the mercies of the Lord.""", 0, "");
INSERT INTO paintings (_id, saintId, fileName, name, correctCount, wikiLink) VALUES (219, 31, "teresa_2", "Teresa of Ávila by Peter Paul Rubens (1615)", 0, "");
INSERT INTO paintings (_id, saintId, fileName, name, correctCount, wikiLink) VALUES (220, 31, "teresa_3", "St. Teresa of Ávila''s Vision by Peter Paul Rubens (1614)", 0, "https://en.wikipedia.org/wiki/Saint_Teresa_of_%C3%81vila%27s_Vision_of_the_Holy_Spirit");
INSERT INTO paintings (_id, saintId, fileName, name, correctCount, wikiLink) VALUES (221, 31, "teresa_4", "St. Teresa of Jesus by Alonso del Arco (1700)", 0, "");
INSERT INTO paintings (_id, saintId, fileName, name, correctCount, wikiLink) VALUES (222, 32, "catherine_of_siena_1", "St. Catherine of Siena by Giovanni Battista Tiepolo (1746)", 0, "");
INSERT INTO paintings (_id, saintId, fileName, name, correctCount, wikiLink) VALUES (223, 32, "catherine_of_siena_2", "St. Catherine of Siena besieged by demons (1500)", 0, "");
INSERT INTO paintings (_id, saintId, fileName, name, correctCount, wikiLink) VALUES (224, 32, "catherine_of_siena_3", "The Mystic Marriage of St Catherine of Siena by Clemente de Torres (1700-1730)", 0, "");
INSERT INTO paintings (_id, saintId, fileName, name, correctCount, wikiLink) VALUES (225, 30, "catherine_8", "Marriage of St. Catherine by Parmigianino (1521)", 0, "https://en.wikipedia.org/wiki/Bardi_Altarpiece_(Parmigianino)");
INSERT INTO paintings (_id, saintId, fileName, name, correctCount, wikiLink) VALUES (226, 30, "catherine_9", "Mystical Marriage of St. Catherine by Filippino Lippi (1503)", 0, "https://en.wikipedia.org/wiki/Marriage_of_St._Catherine_(Filippino_Lippi)");
INSERT INTO paintings (_id, saintId, fileName, name, correctCount, wikiLink) VALUES (227, 32, "catherine_of_siena_4", "St Catherine intercedes for the soul of sister Palmerina (1470)", 0, "");
INSERT INTO paintings (_id, saintId, fileName, name, correctCount, wikiLink) VALUES (228, 32, "catherine_of_siena_5", "Saint Catherine of Siena (1400). The oldest known image of Catherine of Siena, could be lifetime.", 0, "");
INSERT INTO paintings (_id, saintId, fileName, name, correctCount, wikiLink) VALUES (229, 32, "catherine_of_siena_6", "Saint Catherine of Siena. Woodcut from the Nuremberg Chronicle (1493)", 0, "https://en.wikipedia.org/wiki/Nuremberg_Chronicle");
INSERT INTO paintings (_id, saintId, fileName, name, correctCount, wikiLink) VALUES (230, 32, "catherine_of_siena_7", "Saint Catherine of Siena by Francesco Vanni (1600-1610)", 0, "");
INSERT INTO paintings (_id, saintId, fileName, name, correctCount, wikiLink) VALUES (231, 32, "catherine_of_siena_8", "Saints Catherine of Siena and Sigismund by Lorenzo Lotto (1508)", 0, "");
INSERT INTO paintings (_id, saintId, fileName, name, correctCount, wikiLink) VALUES (232, 32, "catherine_of_siena_9", "The Marriage of St Catherine by Pierre Subleyras (1740-1745)", 0, "");
INSERT INTO paintings (_id, saintId, fileName, name, correctCount, wikiLink) VALUES (233, 32, "catherine_of_siena_10", "Stigmatization of St Catherine of Siena by Domenico di Pace Beccafumi (1515)", 0, "");
INSERT INTO paintings (_id, saintId, fileName, name, correctCount, wikiLink) VALUES (234, 33, "nicholas_1", "The Charity of St Nicholas of Bari by Girolamo Macchietti (1555-60)", 0, "");
INSERT INTO paintings (_id, saintId, fileName, name, correctCount, wikiLink) VALUES (235, 33, "nicholas_2", "The Charity of St Nicholas of Bari by Ambrogio Lorenzetti (1330s)", 0, "");
INSERT INTO paintings (_id, saintId, fileName, name, correctCount, wikiLink) VALUES (236, 33, "nicholas_3", "St Nicholas by Titian (1563)", 0, "");
INSERT INTO paintings (_id, saintId, fileName, name, correctCount, wikiLink) VALUES (237, 33, "nicholas_4", "St Nicholas by Tintoretto (1550 - 1594)", 0, "");
INSERT INTO paintings (_id, saintId, fileName, name, correctCount, wikiLink) VALUES (238, 33, "nicholas_5", "The dowry for the three virgins by Gentile da Fabriano (1425)", 0, "");
INSERT INTO paintings (_id, saintId, fileName, name, correctCount, wikiLink) VALUES (239, 33, "nicholas_6", "Saint Nicholas resurrecting the three butchered children, miniature from the Grandes Heures of Anne of Brittany (1503-1508)", 0, "https://en.wikipedia.org/wiki/Grandes_Heures_of_Anne_of_Brittany");
INSERT INTO paintings (_id, saintId, fileName, name, correctCount, wikiLink) VALUES (240, 33, "nicholas_7", "Sv. Mikuláš by Jaroslav Čermák (1831 - 1878)", 0, "");
INSERT INTO paintings (_id, saintId, fileName, name, correctCount, wikiLink) VALUES (241, 33, "nicholas_8", "Three Legends of Saint Nicholas by Gerard David (1500-1520)", 0, "");
INSERT INTO paintings (_id, saintId, fileName, name, correctCount, wikiLink) VALUES (242, 33, "nicholas_9", "Nikolas of Myra and Mary Magdalene by Antonello da Messina (1475-1476)", 0, "");
INSERT INTO paintings (_id, saintId, fileName, name, correctCount, wikiLink) VALUES (243, 33, "nicholas_10", "The Visitation with Saint Nicholas and Saint Anthony Abbot by Piero di Cosimo (1480-1490)", 0, "");
INSERT INTO paintings (_id, saintId, fileName, name, correctCount, wikiLink) VALUES (244, 33, "nicholas_11", "Stories of St Nicholas of Bari by Fra Angelico (1437)", 0, "");
INSERT INTO paintings (_id, saintId, fileName, name, correctCount, wikiLink) VALUES (245, 33, "nicholas_12", "Stories of St Nicholas of Bari (St Nicholas saves a ship from sinking) by Gentile da Fabriano (1425)", 0, "");
INSERT INTO paintings (_id, saintId, fileName, name, correctCount, wikiLink) VALUES (246, 33, "nicholas_13", "Stories of St Nicholas of Bari (St Nicholas saves a ship from sinking) by by Fra Angelico (1437)", 0, "");
INSERT INTO paintings (_id, saintId, fileName, name, correctCount, wikiLink) VALUES (247, 33, "nicholas_14", "Saint Nicholas Giving Alms by Jan Heinsch (1647-1712)", 0, "");
INSERT INTO paintings (_id, saintId, fileName, name, correctCount, wikiLink) VALUES (248, 33, "nicholas_15", "St. Nicholas by Gheorghe Tattarescu (1818-1894)", 0, "");
INSERT INTO paintings (_id, saintId, fileName, name, correctCount, wikiLink) VALUES (249, 33, "nicholas_16", "St Nicholas with scenes from his life, Russian icon (Late 1400s - early 1500s)", 0, "");
INSERT INTO paintings (_id, saintId, fileName, name, correctCount, wikiLink) VALUES (250, 33, "nicholas_17", "Mary Enthroned with the Child by Gentile da Fabriano (1395)", 0, "");
